{"cameraMode":{"drawMode":0,"name":"Shaded","section":"Shading Mode"},"sceneLighting":true,"audioPlay":false,"sceneViewState":{"m_AlwaysRefresh":false,"showFog":true,"showSkybox":true,"showFlares":true,"showImageEffects":true,"showParticleSystems":true,"showVisualEffectGraphs":true,"m_FxEnabled":true},"in2DMode":false,"pivot":{"x":-9.894331932067871,"y":11.108441352844239,"z":-3.7043371200561525},"rotation":{"x":-0.3441038727760315,"y":0.016896802932024003,"z":-0.006082745734602213,"w":-0.9388449192047119},"size":6.752869606018066,"orthographic":false}